fecha_cierre;fecha_apertura;rut_jefe_cierre;id_instalacion;id_cierre
23-01-2012 0:43;31-01-2012 6:54;44715611-3;103;1
21-08-2017 2:29;26-08-2017 2:50;91995839-1;173;2
17-12-2015 0:16;20-12-2015 16:05;82645956-5;18;3
18-10-2017 7:34;27-10-2017 17:02;14200344-9;34;4
29-08-2019 0:03;10-09-2019 15:26;74415365-4;91;5
02-07-2017 15:46;06-07-2017 19:52;41091494-8;174;6
11-12-2013 0:19;24-12-2013 2:38;73324033-4;88;7
11-01-2020 4:41;17-01-2020 15:41;67629255-1;46;8
02-06-2010 5:06;09-06-2010 14:38;38631846-8;153;9
22-02-2018 21:33;09-03-2018 6:33;33572631-6;192;10
25-08-2017 13:52;08-09-2017 15:51;32359787-1;191;11
26-09-2018 20:50;04-10-2018 0:57;94362008-3;28;12
15-05-2013 7:21;25-05-2013 8:59;86043030-4;82;13
21-07-2020 17:41;28-07-2020 22:58;79459402-3;13;14
06-01-2018 22:29;12-01-2018 5:36;70388205-6;144;15
28-03-2010 4:27;07-04-2010 15:58;34776869-3;183;16
02-11-2013 21:45;07-11-2013 11:52;95514882-7;105;17
30-09-2013 22:21;12-10-2013 22:35;79758989-6;207;18
20-05-2016 3:26;30-05-2016 12:41;82376572-k;21;19
30-03-2015 3:10;03-04-2015 17:41;63968995-6;56;20
11-06-2019 0:35;15-06-2019 6:54;84911278-3;125;21
28-02-2016 3:15;06-03-2016 11:41;96735305-1;160;22
01-06-2012 23:46;08-06-2012 2:16;14046488-0;184;23
04-04-2019 4:52;07-04-2019 7:38;78734770-3;77;24
11-08-2015 11:40;24-08-2015 18:23;49326776-0;10;25
21-09-2012 16:19;30-09-2012 2:43;52968708-7;116;26
16-02-2013 17:00;03-03-2013 3:28;80698616-k;134;27
04-09-2020 10:06;14-09-2020 2:23;83386046-1;210;28
24-12-2013 6:16;30-12-2013 16:52;86555166-5;185;29
04-02-2016 20:35;08-02-2016 2:06;69402733-4;27;30
22-02-2015 20:57;26-02-2015 23:20;72800848-2;213;31
28-10-2013 18:39;02-11-2013 4:04;68377701-3;140;32
12-11-2013 8:06;23-11-2013 11:24;61995722-9;164;33
26-03-2019 16:24;07-04-2019 21:01;54121962-5;60;34
07-10-2014 0:06;11-10-2014 13:14;27952560-4;115;35
30-08-2012 14:52;07-09-2012 6:49;20180335-7;129;36
05-01-2019 5:58;08-01-2019 20:43;75129314-3;203;37
08-01-2019 17:11;18-01-2019 23:33;11091024-k;171;38
18-08-2016 11:01;27-08-2016 3:40;71134226-5;65;39
06-02-2017 4:26;17-02-2017 16:17;89146700-1;101;40
22-03-2013 14:03;30-03-2013 0:31;11554909-k;48;41
28-05-2013 4:36;03-06-2013 6:51;31113786-7;133;42
21-01-2014 19:00;04-02-2014 6:59;11118739-8;10;43
24-02-2013 0:58;07-03-2013 3:42;83118985-1;28;44
19-03-2011 8:20;03-04-2011 0:13;90471139-k;31;45
11-07-2016 0:12;18-07-2016 6:37;89671041-9;148;46
01-10-2019 16:08;14-10-2019 8:44;42226798-0;25;47
16-04-2010 1:14;28-04-2010 2:11;34643031-1;102;48
09-01-2012 4:34;19-01-2012 6:03;27183294-k;47;49
28-08-2019 11:12;06-09-2019 3:39;35340502-0;21;50
19-12-2015 14:57;28-12-2015 22:37;79758989-6;207;51
01-07-2017 4:40;06-07-2017 20:40;86683089-4;201;52
08-09-2010 22:07;17-09-2010 6:18;35662780-6;200;53
29-04-2011 19:02;10-05-2011 20:16;70624789-0;135;54
29-09-2011 12:20;13-10-2011 15:23;34996262-4;100;55
16-10-2013 4:47;19-10-2013 18:04;73842540-5;1;56
27-02-2016 1:59;05-03-2016 11:54;67753422-2;105;57
05-04-2012 6:58;11-04-2012 16:15;16792411-5;59;58
29-04-2015 18:24;03-05-2015 0:27;69698793-9;146;59
28-05-2014 11:46;11-06-2014 12:53;35155157-7;84;60
03-03-2019 4:14;11-03-2019 12:17;56725663-4;78;61
17-06-2011 19:01;27-06-2011 21:00;46012714-9;72;62
09-12-2018 6:20;20-12-2018 15:58;22234852-8;173;63
30-10-2017 15:59;09-11-2017 3:33;35288330-1;193;64
05-07-2014 14:21;13-07-2014 1:14;92244003-4;79;65
14-03-2014 15:07;27-03-2014 7:30;88538509-5;185;66
02-02-2015 17:53;16-02-2015 22:33;51194123-7;139;67
22-01-2011 3:12;05-02-2011 3:51;83905334-7;34;68
11-11-2013 11:55;21-11-2013 15:14;27626683-7;3;69
02-03-2016 1:03;13-03-2016 11:41;80282829-2;74;70
26-06-2020 4:30;08-07-2020 9:40;48979148-k;36;71
09-01-2020 21:48;24-01-2020 0:42;41091494-8;174;72
04-04-2010 15:24;12-04-2010 2:21;16836029-0;147;73
01-03-2018 14:19;05-03-2018 20:28;42723522-k;11;74
04-02-2019 7:46;14-02-2019 15:40;70019535-k;212;75
23-09-2010 20:03;05-10-2010 21:19;75295314-7;0;76
27-08-2014 20:53;11-09-2014 11:39;87649058-7;41;77
20-07-2014 9:25;31-07-2014 17:54;28792266-3;137;78
07-05-2017 3:25;12-05-2017 10:24;69186141-4;148;79
25-02-2017 13:29;03-03-2017 19:13;86447590-6;198;80
05-12-2018 10:35;17-12-2018 2:14;49718772-9;108;81
16-02-2014 11:27;27-02-2014 17:57;92270331-0;209;82
15-06-2017 4:15;20-06-2017 10:32;92394961-5;100;83
03-12-2010 21:24;12-12-2010 9:57;81234956-2;182;84
03-11-2014 4:31;10-11-2014 16:20;87282538-k;7;85
30-04-2012 14:56;15-05-2012 5:18;92253121-8;191;86
19-02-2010 23:24;01-03-2010 10:57;38470405-0;41;87
15-12-2017 3:46;28-12-2017 15:01;18969557-8;160;88
29-11-2010 20:27;10-12-2010 10:12;40503382-8;109;89
16-07-2011 0:49;24-07-2011 8:23;10544563-6;14;90
20-05-2012 2:22;03-06-2012 18:12;31113786-7;133;91
13-06-2019 18:41;24-06-2019 20:24;75766984-6;109;92
04-05-2015 21:59;14-05-2015 0:39;87442136-7;165;93
23-06-2014 5:21;06-07-2014 10:47;44100123-1;24;94
08-05-2018 14:35;18-05-2018 16:58;62887150-7;101;95
05-01-2018 23:05;10-01-2018 11:42;14761964-2;143;96
01-04-2020 9:08;13-04-2020 21:50;49718772-9;108;97
26-08-2020 2:20;08-09-2020 2:51;81602032-8;147;98
22-09-2011 20:16;05-10-2011 6:17;42678415-7;176;99
19-11-2015 21:54;26-11-2015 11:47;87649058-7;41;100
11-09-2012 15:16;17-09-2012 22:16;47121914-2;74;101
24-06-2012 23:02;02-07-2012 10:07;53329659-9;200;102
30-09-2018 6:59;08-10-2018 11:57;49641463-2;154;103
03-08-2017 21:00;18-08-2017 3:56;20694588-5;89;104
13-11-2019 17:12;18-11-2019 7:10;49326776-0;10;105
03-06-2020 0:37;17-06-2020 9:05;53325503-5;202;106
19-11-2013 16:55;23-11-2013 5:19;12842111-4;0;107
19-05-2019 7:22;27-05-2019 15:02;10959343-5;141;108
25-08-2013 20:10;29-08-2013 9:48;94688326-3;96;109
15-04-2019 15:08;20-04-2019 23:26;96964691-9;208;110
03-03-2014 0:02;06-03-2014 1:50;78156640-3;87;111
06-12-2014 18:52;19-12-2014 3:00;92244003-4;79;112
16-06-2011 19:20;29-06-2011 7:19;61514910-1;180;113
04-06-2015 0:06;09-06-2015 10:29;49891081-5;96;114
17-12-2019 23:16;21-12-2019 3:58;75910499-4;59;115
22-05-2018 17:23;28-05-2018 18:59;30001031-8;118;116
27-03-2016 17:36;06-04-2016 6:42;83905334-7;34;117
01-02-2018 9:05;08-02-2018 21:19;95623149-3;96;118
23-10-2010 1:43;04-11-2010 9:35;22060310-5;196;119
13-04-2018 0:42;25-04-2018 14:12;51616764-5;194;120
08-05-2013 6:07;12-05-2013 19:55;70876733-6;36;121
23-01-2018 8:23;06-02-2018 23:44;19209075-k;155;122
28-11-2011 13:26;04-12-2011 23:45;16636734-4;130;123
29-08-2014 4:47;01-09-2014 8:00;49036882-5;95;124
08-09-2011 17:14;22-09-2011 22:16;70638696-3;18;125
01-06-2017 8:29;11-06-2017 21:48;28630079-0;23;126
12-08-2014 2:56;24-08-2014 5:57;53721649-2;67;127
14-08-2011 15:58;29-08-2011 6:34;82376572-k;21;128
19-08-2018 14:19;29-08-2018 15:46;23000993-7;173;129
13-04-2014 12:56;26-04-2014 16:13;74415365-4;91;130
07-07-2016 15:33;18-07-2016 21:55;37925650-3;16;131
16-08-2017 9:10;23-08-2017 20:38;60158787-4;157;132
17-11-2012 8:57;27-11-2012 14:39;79861684-6;4;133
21-04-2012 5:10;27-04-2012 8:25;98642893-3;170;134
29-05-2015 22:31;05-06-2015 11:45;93176945-6;196;135
15-06-2012 19:13;27-06-2012 5:53;42723522-k;11;136
01-09-2011 0:18;06-09-2011 4:32;26196183-0;203;137
04-02-2020 20:31;08-02-2020 10:44;37742604-5;180;138
31-01-2010 12:52;12-02-2010 20:18;29637564-0;110;139
01-06-2012 19:01;10-06-2012 3:58;31113786-7;133;140
17-06-2010 0:03;28-06-2010 3:33;67710168-7;15;141
11-01-2019 20:23;15-01-2019 11:57;80640357-1;87;142
03-05-2017 18:17;13-05-2017 3:00;23298314-0;160;143
07-09-2016 17:10;21-09-2016 5:11;23494123-2;40;144
18-08-2018 0:24;27-08-2018 1:52;91957885-8;55;145
25-05-2012 4:04;28-05-2012 7:06;64269343-3;179;146
11-10-2011 9:27;20-10-2011 18:44;95226644-6;133;147
10-03-2013 0:56;18-03-2013 9:07;22997103-4;32;148
16-04-2014 21:15;21-04-2014 7:01;61993529-2;52;149
05-06-2018 6:22;09-06-2018 20:41;55422937-9;84;150
25-08-2010 0:28;06-09-2010 13:44;89751595-4;117;151
07-05-2014 22:39;12-05-2014 7:30;50109588-5;203;152
29-12-2010 17:57;08-01-2011 20:02;26257768-6;209;153
12-04-2020 11:23;24-04-2020 16:51;55326528-2;211;154
07-12-2014 13:26;14-12-2014 19:21;63795324-9;86;155
13-12-2010 15:37;25-12-2010 4:30;86683089-4;201;156
17-02-2010 15:41;01-03-2010 3:22;35480818-8;8;157
13-01-2017 8:02;21-01-2017 13:51;29637564-0;110;158
07-04-2014 11:02;17-04-2014 22:46;54593722-0;194;159
01-02-2019 22:33;09-02-2019 8:10;27161682-1;78;160
20-03-2013 1:16;23-03-2013 7:29;78897889-8;37;161
06-06-2012 10:19;20-06-2012 21:47;44290962-8;94;162
26-04-2012 23:14;08-05-2012 11:38;37142311-7;168;163
14-06-2016 18:23;27-06-2016 6:09;59129614-0;24;164
29-03-2020 14:20;05-04-2020 18:18;59105378-7;119;165
31-01-2014 10:05;13-02-2014 13:26;30928102-0;65;166
06-05-2016 17:22;16-05-2016 6:57;58191750-3;204;167
24-03-2013 1:22;04-04-2013 10:41;59444986-k;77;168
17-04-2015 11:27;30-04-2015 22:35;15460166-k;136;169
07-11-2018 2:05;17-11-2018 9:23;19942007-0;192;170
09-10-2011 2:29;17-10-2011 3:32;21759577-0;19;171
18-12-2014 11:53;28-12-2014 22:25;87634133-6;81;172
16-12-2012 10:47;21-12-2012 20:00;79861684-6;4;173
27-02-2015 16:45;05-03-2015 1:31;55106753-k;154;174
04-03-2017 6:04;15-03-2017 12:12;68505645-3;45;175
07-03-2011 10:32;18-03-2011 0:38;89793517-1;114;176
04-04-2018 6:29;15-04-2018 12:16;34846808-1;21;177
14-07-2015 0:07;18-07-2015 9:49;81698647-8;71;178
19-01-2019 18:05;27-01-2019 5:07;10927357-0;204;179
22-05-2015 8:12;27-05-2015 14:58;87861767-3;177;180
31-05-2019 12:59;11-06-2019 5:11;20694588-5;89;181
09-03-2020 13:13;19-03-2020 19:28;69020528-9;42;182
22-12-2011 11:09;04-01-2012 0:36;35785969-7;207;183
03-11-2011 14:19;08-11-2011 22:31;89512502-4;138;184
22-05-2016 2:38;30-05-2016 6:35;58303600-8;39;185
18-10-2016 3:14;31-10-2016 15:43;63421928-5;58;186
17-08-2014 19:30;28-08-2014 20:33;84729190-7;137;187
29-09-2012 21:59;09-10-2012 3:19;75397524-1;164;188
02-12-2014 6:08;06-12-2014 8:40;29950437-9;41;189
11-01-2019 9:58;25-01-2019 13:53;34823992-9;75;190
24-05-2020 0:38;30-05-2020 6:17;77366538-9;88;191
01-05-2013 22:04;05-05-2013 12:58;38204359-6;119;192
25-04-2020 20:39;07-05-2020 22:16;59537115-5;25;193
16-06-2014 1:56;19-06-2014 13:53;89793517-1;114;194
10-06-2018 2:19;17-06-2018 18:48;59150917-9;167;195
24-08-2015 12:07;30-08-2015 14:06;56425505-k;139;196
09-02-2020 2:49;16-02-2020 18:45;40644356-6;145;197
23-06-2011 13:43;02-07-2011 18:58;81401624-2;113;198
27-08-2020 15:42;06-09-2020 18:04;40978316-3;203;199
06-07-2019 20:57;18-07-2019 3:41;30991735-9;131;200
23-08-2011 6:30;05-09-2011 11:11;79348268-k;54;201
02-01-2014 23:39;11-01-2014 10:22;68225683-4;123;202
21-02-2011 21:38;06-03-2011 12:01;51317447-0;160;203
03-12-2015 3:29;16-12-2015 6:11;31359212-k;15;204
13-04-2010 1:07;23-04-2010 5:27;29637564-0;110;205
16-10-2011 17:57;24-10-2011 7:56;80885102-4;101;206
20-03-2010 14:07;02-04-2010 23:46;38717290-4;117;207
14-10-2015 18:01;27-10-2015 4:07;80698616-k;134;208
09-01-2012 17:12;13-01-2012 1:32;56474633-9;100;209
27-12-2010 21:18;10-01-2011 8:49;74415365-4;91;210
19-04-2011 21:54;02-05-2011 9:49;14343597-0;127;211
13-06-2012 3:05;26-06-2012 6:44;86083776-5;63;212
29-05-2014 0:05;06-06-2014 5:14;55326528-2;211;213
04-09-2018 15:29;15-09-2018 3:54;88107942-9;102;214
13-05-2013 3:03;20-05-2013 18:17;14761964-2;143;215
20-08-2017 15:35;31-08-2017 19:26;65809271-5;65;216
09-03-2019 12:51;13-03-2019 13:10;33890329-4;175;217
19-12-2018 8:05;31-12-2018 23:43;84921010-6;86;218
04-06-2019 22:17;10-06-2019 10:05;47329036-7;198;219
19-02-2013 21:47;06-03-2013 13:46;29622397-2;133;220
26-07-2013 16:20;29-07-2013 19:53;25368817-3;154;221
12-11-2010 6:17;24-11-2010 7:40;47326835-3;153;222
25-08-2017 10:06;06-09-2017 0:04;33016426-3;30;223
22-08-2015 3:32;26-08-2015 11:16;42300579-3;74;224
22-03-2013 6:37;25-03-2013 9:56;46531952-6;50;225
05-06-2014 11:37;18-06-2014 22:17;37126798-0;194;226
18-06-2012 12:14;27-06-2012 16:30;59137080-4;67;227
05-11-2010 9:08;14-11-2010 22:27;85297873-2;14;228
27-01-2012 5:38;03-02-2012 12:05;52778909-5;156;229
08-09-2013 6:11;16-09-2013 20:49;14761964-2;143;230
05-03-2016 17:37;10-03-2016 3:27;30680313-1;112;231
07-06-2015 1:26;14-06-2015 8:08;44281327-2;27;232
27-03-2020 14:23;05-04-2020 21:26;56499633-5;211;233
23-11-2015 12:16;26-11-2015 23:04;11439340-1;144;234
28-10-2014 12:49;08-11-2014 19:27;83469143-4;168;235
23-10-2014 6:48;26-10-2014 23:27;91935122-5;192;236
01-01-2015 21:26;05-01-2015 8:13;83399209-0;143;237
24-02-2014 14:16;07-03-2014 5:59;54122700-8;29;238
26-07-2020 18:17;02-08-2020 10:14;49798131-k;74;239
13-11-2015 14:12;27-11-2015 16:44;63532763-4;159;240
01-11-2011 18:57;12-11-2011 20:18;28231652-8;29;241
11-05-2017 23:58;15-05-2017 15:16;83290634-4;82;242
24-12-2018 8:35;03-01-2019 15:19;33006349-1;82;243
02-05-2020 1:56;08-05-2020 14:01;54982068-9;136;244
28-03-2013 4:34;01-04-2013 14:21;68377701-3;140;245
02-01-2017 17:56;11-01-2017 4:17;79850677-3;75;246
05-05-2010 20:34;17-05-2010 1:51;19706256-8;214;247
15-03-2020 6:21;21-03-2020 13:14;63688364-6;203;248
24-09-2010 11:39;07-10-2010 13:08;41361801-0;94;249
27-09-2012 12:15;02-10-2012 1:19;97996738-1;11;250
22-12-2019 20:25;27-12-2019 22:09;61863167-2;143;251
29-01-2014 23:12;06-02-2014 23:41;56535213-k;208;252
17-08-2018 9:21;26-08-2018 1:25;66844166-1;188;253
24-04-2016 22:12;01-05-2016 9:08;99837067-1;98;254
16-05-2017 13:24;24-05-2017 0:44;21924647-1;135;255
23-10-2015 9:51;04-11-2015 22:50;73543707-0;187;256
25-10-2014 2:02;04-11-2014 5:53;77020926-9;97;257
26-01-2016 6:41;08-02-2016 11:02;61514910-1;180;258
08-01-2010 22:42;19-01-2010 23:15;82833215-5;93;259
19-02-2014 4:04;24-02-2014 7:40;42162871-8;163;260
16-12-2018 20:11;31-12-2018 11:26;66970190-k;51;261
31-08-2011 7:38;11-09-2011 10:55;29415476-0;191;262
10-02-2013 4:58;23-02-2013 16:07;67629255-1;46;263
21-06-2013 13:01;03-07-2013 17:49;73557956-8;170;264
16-01-2018 3:47;19-01-2018 10:00;17195049-k;99;265
16-01-2012 20:13;26-01-2012 12:15;85301240-8;80;266
20-02-2020 23:19;27-02-2020 14:59;42354523-2;136;267
09-04-2020 12:02;15-04-2020 0:37;75295314-7;0;268
19-08-2020 10:57;29-08-2020 20:12;15451762-6;85;269
30-08-2015 12:53;05-09-2015 0:17;88413708-k;32;270
10-07-2020 14:51;13-07-2020 18:04;69020528-9;42;271
03-03-2012 13:11;14-03-2012 13:44;45453849-8;6;272
29-08-2016 16:00;03-09-2016 19:33;41581842-4;202;273
14-07-2013 2:17;27-07-2013 4:22;59105378-7;119;274
05-01-2010 1:20;19-01-2010 13:01;27143992-k;161;275
04-10-2015 21:37;18-10-2015 23:49;98849412-7;197;276
22-07-2010 6:07;30-07-2010 22:34;70106627-8;9;277
05-04-2011 9:50;19-04-2011 11:36;60926655-4;97;278
10-05-2010 13:07;18-05-2010 16:55;24878659-0;90;279
14-07-2014 2:03;18-07-2014 11:33;38317707-3;107;280
22-11-2018 9:25;26-11-2018 22:47;57689116-4;23;281
18-05-2013 6:32;21-05-2013 18:08;83029887-8;161;282
11-02-2012 12:35;23-02-2012 2:37;45347413-5;189;283
19-09-2015 7:35;26-09-2015 20:24;48246125-5;81;284
28-08-2013 19:33;07-09-2013 3:03;44060880-9;117;285
11-01-2012 8:30;16-01-2012 19:12;22637365-9;72;286
09-11-2018 15:49;20-11-2018 6:51;57792927-0;57;287
29-04-2019 16:34;13-05-2019 21:39;12412672-k;44;288
24-06-2017 8:34;08-07-2017 15:56;93900888-8;61;289
12-11-2011 19:17;16-11-2011 2:33;78918085-7;20;290
23-06-2016 18:18;04-07-2016 3:36;18665525-7;15;291
30-11-2014 17:17;15-12-2014 9:25;80291272-2;17;292
18-04-2011 6:24;22-04-2011 21:04;58038177-4;67;293
02-03-2015 17:01;06-03-2015 8:00;69777560-9;201;294
18-06-2014 4:32;22-06-2014 15:09;28370900-0;114;295
19-11-2018 3:26;25-11-2018 18:26;92244003-4;79;296
28-07-2011 7:38;11-08-2011 10:18;99075946-4;215;297
10-03-2011 6:01;15-03-2011 12:18;73222374-6;38;298
21-12-2017 1:41;26-12-2017 2:35;48553208-0;118;299
05-06-2020 15:13;20-06-2020 4:13;92253121-8;191;300
27-06-2013 20:19;04-07-2013 6:37;12815044-7;78;301
10-03-2010 10:03;24-03-2010 0:51;79348268-k;54;302
03-05-2014 2:45;07-05-2014 14:07;32644502-9;183;303
13-01-2020 23:13;20-01-2020 12:32;50319391-4;80;304
13-01-2012 12:47;21-01-2012 15:11;44770429-3;96;305
05-12-2018 23:52;14-12-2018 7:01;82719046-2;135;306
25-08-2019 0:08;04-09-2019 14:36;14343597-0;127;307
29-10-2014 12:20;08-11-2014 1:12;53783913-9;18;308
21-03-2014 21:58;26-03-2014 3:06;48425773-6;183;309
21-04-2010 3:02;03-05-2010 16:46;69265725-k;12;310
27-10-2016 20:03;03-11-2016 22:14;55326528-2;211;311
10-11-2011 12:49;15-11-2011 12:57;12842111-4;0;312
06-02-2014 15:39;18-02-2014 2:04;70388205-6;144;313
09-10-2011 1:44;22-10-2011 12:45;82319208-8;160;314
20-07-2016 14:03;01-08-2016 21:02;41694611-6;37;315
24-01-2010 16:04;04-02-2010 20:07;87544765-3;97;316
21-09-2015 21:57;30-09-2015 11:23;47121914-2;74;317
13-12-2019 20:54;19-12-2019 1:24;48998776-7;162;318
18-09-2010 20:13;24-09-2010 9:19;64268937-1;82;319
12-01-2017 8:07;26-01-2017 19:39;21219682-7;206;320
25-03-2019 22:32;31-03-2019 8:51;34761062-3;181;321
16-09-2018 10:03;22-09-2018 14:12;12842111-4;0;322
11-06-2016 13:22;14-06-2016 19:02;19027799-2;143;323
31-01-2016 14:49;12-02-2016 2:12;62820832-8;111;324
25-02-2011 8:10;01-03-2011 0:16;61993529-2;52;325
27-07-2016 3:43;02-08-2016 11:47;53747213-8;53;326
27-06-2015 13:18;05-07-2015 16:05;97996738-1;11;327
07-09-2011 21:23;15-09-2011 23:22;42113348-4;86;328
30-11-2018 22:50;09-12-2018 6:00;97404549-4;208;329
23-02-2010 22:06;09-03-2010 2:11;81207716-3;155;330
09-04-2019 18:53;22-04-2019 5:40;12920124-k;18;331
20-10-2018 12:38;01-11-2018 17:42;73418283-4;76;332
08-12-2011 3:42;15-12-2011 4:53;44372095-2;93;333
15-01-2012 2:56;21-01-2012 6:24;83584289-4;188;334
12-04-2010 5:14;17-04-2010 12:34;24129722-5;177;335
09-05-2017 4:35;18-05-2017 15:32;87442136-7;165;336
20-06-2020 6:16;26-06-2020 22:35;90471139-k;31;337
15-05-2018 16:27;22-05-2018 9:07;31679088-7;186;338
12-06-2013 10:16;23-06-2013 23:08;75397524-1;164;339
29-03-2013 16:23;06-04-2013 7:27;28231652-8;29;340
14-11-2011 7:08;23-11-2011 14:35;38235761-2;95;341
26-07-2011 6:38;30-07-2011 20:12;93840785-1;2;342
11-10-2014 19:47;25-10-2014 11:40;43922451-7;26;343
26-08-2013 20:16;30-08-2013 6:06;95932617-7;66;344
25-11-2011 8:04;30-11-2011 11:53;13690129-k;149;345
04-12-2011 4:03;08-12-2011 16:51;99294258-4;68;346
17-09-2017 3:49;26-09-2017 13:24;91059844-9;105;347
22-10-2017 6:03;03-11-2017 8:41;48161908-4;99;348
24-10-2016 23:55;30-10-2016 11:17;93550420-1;160;349
05-07-2020 17:55;17-07-2020 4:25;44604413-3;138;350
13-08-2010 19:22;23-08-2010 19:53;35785969-7;207;351
22-05-2016 10:14;27-05-2016 10:24;66183219-3;204;352
22-03-2017 12:05;27-03-2017 14:24;40978316-3;203;353
21-08-2017 21:15;05-09-2017 4:21;26123513-7;124;354
09-11-2019 10:35;16-11-2019 14:45;14811794-2;179;355
04-11-2013 8:52;18-11-2013 18:00;49995619-3;83;356
20-08-2015 2:45;29-08-2015 10:31;26240285-1;16;357
10-04-2019 20:01;19-04-2019 1:41;78463527-9;166;358
14-05-2011 8:41;23-05-2011 15:43;52176953-k;13;359
16-04-2015 0:15;30-04-2015 13:24;53234460-3;186;360
20-10-2017 1:16;30-10-2017 11:16;22274441-5;45;361
14-10-2010 10:10;22-10-2010 16:06;35340502-0;21;362
08-08-2010 22:59;14-08-2010 7:18;48925896-k;54;363
29-06-2015 0:09;04-07-2015 6:23;12033288-0;92;364
28-08-2011 7:26;31-08-2011 21:51;91888493-9;46;365
25-06-2011 9:42;28-06-2011 18:23;59959821-9;172;366
20-07-2010 19:56;24-07-2010 8:31;62550748-0;50;367
15-03-2020 15:18;19-03-2020 17:13;30224213-5;92;368
30-08-2017 5:01;11-09-2017 16:43;92244003-4;79;369
26-09-2010 8:35;09-10-2010 23:48;95667888-9;103;370
05-12-2010 13:56;14-12-2010 2:00;87631642-0;8;371
28-08-2017 16:02;01-09-2017 4:46;95741388-9;26;372
02-06-2014 10:06;11-06-2014 18:27;48433213-4;147;373
06-03-2010 13:03;21-03-2010 2:39;77941465-5;56;374
15-09-2019 19:38;29-09-2019 4:35;53234460-3;186;375
30-03-2020 11:40;11-04-2020 16:09;13592940-9;142;376
19-06-2010 8:27;25-06-2010 17:23;52158784-9;184;377
15-05-2015 15:08;18-05-2015 16:30;25002692-7;27;378
01-08-2014 9:32;06-08-2014 11:52;35785969-7;207;379
28-05-2010 18:20;05-06-2010 7:29;33078552-7;3;380
30-09-2016 1:01;12-10-2016 2:57;52576933-k;109;381
22-05-2012 4:16;01-06-2012 19:14;23686910-5;41;382
01-10-2015 3:49;07-10-2015 13:27;38405094-8;202;383
25-07-2010 5:17;29-07-2010 9:16;65346159-3;116;384
05-12-2014 12:18;17-12-2014 21:55;66844166-1;188;385
14-02-2017 20:26;18-02-2017 4:08;79344858-9;141;386
02-01-2020 3:18;16-01-2020 10:04;91085975-7;192;387
05-01-2012 12:05;10-01-2012 14:10;42538060-5;129;388
22-04-2013 5:54;26-04-2013 10:43;24115633-8;153;389
27-09-2010 7:42;05-10-2010 14:24;48007583-8;64;390
05-05-2012 9:45;18-05-2012 18:02;77210598-3;40;391
31-03-2019 5:57;09-04-2019 16:29;23625905-6;214;392
20-01-2014 3:46;02-02-2014 7:56;34643031-1;102;393
22-11-2018 2:18;05-12-2018 7:15;15955355-8;127;394
02-03-2016 21:58;09-03-2016 8:22;44290962-8;94;395
05-04-2016 8:51;13-04-2016 21:00;88094734-6;5;396
31-08-2018 21:45;12-09-2018 10:37;17286061-3;88;397
13-04-2015 8:49;16-04-2015 11:14;88034198-7;162;398
04-01-2017 11:12;17-01-2017 2:05;25327705-k;180;399
22-06-2017 16:13;05-07-2017 1:16;22479749-4;37;400
22-06-2015 11:30;01-07-2015 0:30;25806104-7;213;401
15-01-2020 17:24;26-01-2020 22:59;42354523-2;136;402
11-07-2018 7:23;25-07-2018 13:07;97996738-1;11;403
19-03-2013 15:08;24-03-2013 17:26;73026642-1;103;404
30-06-2010 7:15;06-07-2010 18:46;11636170-1;67;405
08-09-2018 7:07;20-09-2018 7:29;64370666-0;72;406
01-03-2019 23:38;11-03-2019 4:01;22150901-3;104;407
19-03-2016 23:56;26-03-2016 6:19;60916764-5;102;408
22-05-2013 18:13;06-06-2013 0:43;35685353-9;12;409
24-06-2018 10:25;29-06-2018 11:04;49166815-6;68;410
03-03-2012 6:52;06-03-2012 18:29;43161018-3;155;411
26-05-2018 9:09;31-05-2018 1:10;56914123-0;25;412
20-06-2017 2:06;23-06-2017 18:37;97996738-1;11;413
04-11-2013 14:44;13-11-2013 22:12;58945079-5;165;414
22-11-2018 19:54;05-12-2018 2:11;54122700-8;29;415
24-01-2019 11:30;02-02-2019 22:29;96900689-8;55;416
08-03-2012 4:05;11-03-2012 4:43;38072383-2;116;417
14-05-2018 11:37;23-05-2018 22:17;73540572-1;100;418
25-08-2013 16:09;06-09-2013 6:10;14114400-6;28;419
31-03-2011 14:40;07-04-2011 14:53;28273728-0;190;420
01-09-2019 15:59;05-09-2019 4:16;16670974-1;98;421
18-08-2017 18:27;02-09-2017 1:36;66714421-3;214;422
25-03-2011 11:46;01-04-2011 19:47;76081261-7;57;423
07-07-2012 6:37;19-07-2012 10:45;58557550-k;11;424
30-05-2014 22:38;08-06-2014 9:11;47067447-4;120;425
18-02-2011 10:38;22-02-2011 18:32;45467235-6;209;426
08-10-2010 13:13;19-10-2010 5:52;75397524-1;164;427
03-05-2013 19:31;10-05-2013 3:47;51844875-7;165;428
23-02-2010 13:23;02-03-2010 19:12;84593882-2;166;429
16-03-2019 10:59;24-03-2019 12:34;60370162-3;162;430
27-02-2013 14:06;05-03-2013 21:14;79308193-6;130;431
02-07-2019 20:22;08-07-2019 7:44;34349789-k;37;432
19-01-2018 1:10;01-02-2018 7:33;40644356-6;145;433
02-12-2018 18:10;07-12-2018 4:25;36615636-4;101;434
15-05-2013 6:47;29-05-2013 18:30;96562711-1;120;435
09-10-2017 5:45;17-10-2017 12:22;38563658-k;143;436
02-11-2015 1:50;16-11-2015 6:55;66295586-8;112;437
13-03-2020 6:40;26-03-2020 21:15;74361473-9;27;438
28-03-2013 15:46;10-04-2013 2:29;39899583-k;110;439
06-03-2019 23:03;21-03-2019 4:44;89118524-3;19;440
01-01-2011 6:44;13-01-2011 16:35;89671041-9;148;441
01-06-2010 20:44;10-06-2010 20:46;45717384-9;184;442
05-10-2017 15:21;20-10-2017 3:01;42678415-7;176;443
06-11-2016 21:16;17-11-2016 1:59;16008678-5;89;444
27-07-2012 16:12;31-07-2012 18:38;84593882-2;166;445
16-08-2019 13:21;24-08-2019 3:56;64221026-2;197;446
15-07-2014 4:41;29-07-2014 10:39;94888169-1;113;447
26-09-2018 3:40;05-10-2018 20:08;83538271-0;7;448
11-02-2010 5:07;25-02-2010 5:13;43922451-7;26;449
15-09-2010 22:40;21-09-2010 4:18;56292778-6;33;450
15-11-2013 4:59;20-11-2013 20:29;58765828-3;70;451
07-03-2011 6:01;20-03-2011 12:44;74759859-2;21;452
06-02-2012 10:45;20-02-2012 13:18;99466469-7;82;453
07-04-2014 23:51;20-04-2014 0:25;91935122-5;192;454
25-04-2018 23:02;29-04-2018 14:54;37376941-k;147;455
17-01-2017 15:19;27-01-2017 7:52;55012555-2;187;456
30-12-2014 22:53;13-01-2015 2:54;59105378-7;119;457
22-11-2013 19:16;26-11-2013 19:34;23407008-8;1;458
20-10-2017 17:10;24-10-2017 4:01;22150901-3;104;459
24-07-2018 16:22;04-08-2018 7:12;10619372-k;139;460
22-03-2016 10:33;01-04-2016 22:22;65538426-k;198;461
12-01-2014 17:51;19-01-2014 4:04;31706054-8;101;462
16-03-2013 5:07;29-03-2013 9:41;93892863-0;128;463
30-11-2012 15:22;03-12-2012 22:22;84569598-9;186;464
22-11-2013 19:56;30-11-2013 11:52;76396643-7;103;465
10-05-2018 7:26;17-05-2018 12:03;12187269-2;145;466
15-10-2019 2:48;27-10-2019 5:28;99347364-2;116;467
25-04-2016 0:57;05-05-2016 13:24;50109588-5;203;468
02-12-2017 21:53;07-12-2017 5:39;79348268-k;54;469
25-04-2012 16:55;05-05-2012 19:29;99837067-1;98;470
09-01-2017 15:34;14-01-2017 1:15;77489819-0;212;471
24-06-2014 12:20;03-07-2014 13:09;70388205-6;144;472
08-03-2019 20:42;15-03-2019 6:15;86367440-9;116;473
09-10-2017 8:30;13-10-2017 21:35;82993651-8;172;474
15-01-2014 0:07;28-01-2014 13:26;75328775-2;169;475
23-01-2011 22:45;31-01-2011 11:30;21201270-k;138;476
01-12-2017 1:18;13-12-2017 3:28;95367461-0;69;477
10-11-2011 7:24;20-11-2011 11:38;11554909-k;48;478
23-03-2019 17:39;29-03-2019 5:38;33016426-3;30;479
11-01-2013 6:50;20-01-2013 17:07;70582800-8;131;480
04-02-2018 1:39;17-02-2018 3:32;32628385-1;90;481
14-12-2011 0:35;28-12-2011 11:48;14292252-5;174;482
21-03-2013 6:11;03-04-2013 17:17;48292072-1;67;483
09-03-2016 11:17;21-03-2016 14:49;54746197-5;190;484
12-03-2015 4:40;25-03-2015 12:30;43953571-7;66;485
30-07-2019 10:13;09-08-2019 12:49;75910499-4;59;486
07-08-2018 3:42;19-08-2018 5:30;10254486-2;60;487
01-02-2018 3:40;04-02-2018 6:22;75397524-1;164;488
08-07-2020 7:29;16-07-2020 8:25;12348490-8;172;489
08-11-2017 18:53;20-11-2017 4:02;80092681-5;117;490
17-05-2018 15:56;29-05-2018 8:35;53329659-9;200;491
07-05-2013 9:42;16-05-2013 12:00;28630079-0;23;492
30-08-2015 20:33;10-09-2015 22:50;83386046-1;210;493
01-10-2016 12:18;04-10-2016 22:21;14377401-5;48;494
22-01-2013 0:00;03-02-2013 0:46;73543707-0;187;495
18-12-2015 17:47;30-12-2015 6:25;53329659-9;200;496
06-05-2015 8:49;19-05-2015 19:26;95656123-k;90;497
12-09-2011 0:41;20-09-2011 3:45;92554015-3;163;498
09-01-2014 21:34;13-01-2014 11:28;96900689-8;55;499
28-05-2011 3:31;06-06-2011 19:07;81600879-4;77;500
24-04-2020 23:49;01-05-2020 15:01;59495529-3;75;501
27-04-2016 10:56;11-05-2016 14:46;40644356-6;145;502
31-10-2014 9:13;12-11-2014 14:56;49326776-0;10;503
26-06-2010 11:24;08-07-2010 11:36;77484278-0;176;504
28-12-2013 1:44;03-01-2014 11:12;82993651-8;172;505
01-05-2012 13:59;08-05-2012 19:04;55106753-k;154;506
18-12-2016 7:09;24-12-2016 15:41;90471139-k;31;507
27-09-2015 9:11;01-10-2015 18:26;25450277-4;32;508
13-06-2019 7:14;22-06-2019 9:12;50453382-4;193;509
20-05-2016 15:35;04-06-2016 6:15;97675067-5;13;510
05-10-2012 0:28;19-10-2012 0:37;78166652-1;33;511
09-09-2013 6:34;12-09-2013 15:06;27712443-2;136;512
22-12-2013 16:53;25-12-2013 23:55;58000701-5;72;513
08-06-2015 19:43;22-06-2015 7:44;12460058-8;85;514
03-09-2017 7:23;06-09-2017 22:15;89336201-0;109;515
28-02-2010 13:06;08-03-2010 0:32;51853396-7;108;516
25-05-2018 12:19;04-06-2018 13:49;75269880-5;205;517
14-03-2018 16:07;22-03-2018 7:23;33874298-3;85;518
25-03-2015 21:36;08-04-2015 3:03;35785969-7;207;519
15-10-2015 20:09;23-10-2015 4:22;69141385-3;24;520
29-10-2013 6:43;12-11-2013 21:31;15333675-k;26;521
14-11-2014 18:40;25-11-2014 6:28;85301240-8;80;522
11-10-2013 13:10;23-10-2013 13:49;85682952-9;107;523
04-10-2016 5:01;11-10-2016 11:06;95185947-8;159;524
08-02-2020 22:56;12-02-2020 13:36;99223381-8;180;525
01-07-2018 9:09;09-07-2018 20:21;76356563-7;173;526
27-09-2017 6:29;02-10-2017 6:59;18076157-8;197;527
31-10-2014 8:05;09-11-2014 20:15;57342278-3;110;528
19-07-2013 7:02;24-07-2013 8:48;81602032-8;147;529
25-12-2016 7:48;30-12-2016 8:52;92311983-3;107;530
14-02-2010 16:54;24-02-2010 19:38;95932617-7;66;531
10-11-2016 23:06;18-11-2016 3:38;61892040-2;114;532
08-05-2020 4:21;12-05-2020 6:47;52581344-4;24;533
06-01-2020 16:47;21-01-2020 8:34;83118985-1;28;534
05-08-2017 14:04;15-08-2017 18:04;63814706-8;67;535
12-01-2020 3:13;26-01-2020 7:30;90739234-1;81;536
01-10-2012 15:44;09-10-2012 4:07;54593722-0;194;537
17-03-2013 14:10;30-03-2013 17:13;88697741-7;114;538
20-09-2016 13:13;02-10-2016 21:46;58303600-8;39;539
23-12-2014 15:46;28-12-2014 17:19;89336201-0;109;540
04-06-2019 18:54;08-06-2019 23:21;84095044-1;197;541
03-08-2018 14:07;17-08-2018 15:53;49993665-6;29;542
26-02-2013 5:28;04-03-2013 21:09;46491043-3;209;543
26-03-2016 13:52;08-04-2016 22:24;59814228-9;133;544
15-03-2014 1:31;26-03-2014 15:07;75357089-6;77;545
02-08-2020 2:00;07-08-2020 17:42;98544321-1;12;546
30-06-2015 20:00;08-07-2015 4:13;74580276-1;5;547
26-10-2014 21:39;08-11-2014 11:31;76563311-7;151;548
31-05-2014 15:30;08-06-2014 5:43;20034783-8;147;549
22-04-2018 9:08;28-04-2018 15:38;12187269-2;145;550
19-05-2011 1:24;02-06-2011 2:27;34414978-k;86;551
09-01-2013 5:13;19-01-2013 5:58;51630030-2;48;552
27-03-2013 0:31;07-04-2013 4:49;87859472-k;213;553
29-01-2020 22:15;04-02-2020 8:18;82833215-5;93;554
19-05-2011 4:05;02-06-2011 19:32;72429091-4;84;555
10-11-2019 6:26;14-11-2019 20:40;83029887-8;161;556
16-11-2015 3:58;24-11-2015 9:13;45400053-6;62;557
27-09-2016 16:20;12-10-2016 8:52;30364676-0;148;558
21-07-2010 14:36;25-07-2010 1:42;69141385-3;24;559
25-03-2018 0:29;08-04-2018 15:00;26617374-1;175;560
27-11-2010 16:40;08-12-2010 0:53;76849115-1;62;561
04-01-2015 23:17;12-01-2015 9:31;79543386-4;43;562
24-03-2011 10:06;30-03-2011 17:27;86555166-5;185;563
26-03-2020 6:18;04-04-2020 10:38;82833215-5;93;564
17-12-2012 9:26;20-12-2012 19:26;25002692-7;27;565
11-02-2018 1:13;19-02-2018 16:53;94559048-3;171;566
05-09-2016 8:28;09-09-2016 20:47;57133149-7;67;567
25-03-2019 8:30;03-04-2019 16:09;34349789-k;37;568
24-03-2019 11:35;05-04-2019 20:01;93044599-1;93;569
27-06-2016 9:37;10-07-2016 20:17;98121429-3;142;570
31-03-2020 15:08;10-04-2020 6:33;34996262-4;100;571
07-01-2015 9:44;21-01-2015 2:08;63953205-4;190;572
13-11-2017 16:53;21-11-2017 19:00;28630079-0;23;573
21-07-2017 14:29;03-08-2017 23:28;73026642-1;103;574
30-08-2019 23:45;11-09-2019 2:53;51242629-8;208;575
29-04-2017 0:40;05-05-2017 4:05;95777850-k;148;576
10-08-2020 16:43;18-08-2020 2:03;63974341-1;22;577
07-03-2018 3:04;20-03-2018 9:06;23494123-2;40;578
01-05-2018 7:58;07-05-2018 21:23;34414978-k;86;579
11-05-2016 15:26;26-05-2016 3:03;79480331-5;81;580
31-10-2018 1:21;08-11-2018 17:50;54363208-2;132;581
12-03-2019 21:19;17-03-2019 22:25;85973291-7;151;582
14-01-2016 11:44;21-01-2016 2:47;72810804-5;176;583
30-04-2013 6:43;10-05-2013 20:11;72570829-7;193;584
14-01-2017 13:27;26-01-2017 23:35;92445451-2;154;585
10-09-2014 14:29;15-09-2014 4:44;46787382-2;14;586
22-02-2013 5:41;07-03-2013 6:15;85743167-7;184;587
02-05-2011 12:23;10-05-2011 12:50;95403427-5;114;588
26-11-2017 19:11;01-12-2017 10:22;40538537-6;11;589
05-08-2011 7:27;09-08-2011 7:34;66361406-1;189;590
05-09-2013 21:43;12-09-2013 14:18;52968708-7;116;591
06-08-2015 7:45;12-08-2015 19:57;14114400-6;28;592
01-06-2011 16:42;15-06-2011 18:52;86367440-9;116;593
09-04-2011 2:06;19-04-2011 8:33;14982281-k;93;594
09-06-2018 14:00;15-06-2018 5:25;32700742-4;76;595
18-04-2010 3:22;28-04-2010 12:43;10537138-1;76;596
15-08-2012 11:03;21-08-2012 18:20;60747994-1;188;597
17-12-2014 3:57;20-12-2014 7:20;79263691-8;52;598
14-03-2017 21:47;25-03-2017 23:46;91231636-k;57;599
04-10-2013 2:37;18-10-2013 11:24;95514882-7;105;600
11-07-2011 2:27;25-07-2011 9:25;19735595-6;210;601
24-12-2018 3:20;27-12-2018 13:29;75328775-2;169;602
02-09-2016 4:47;16-09-2016 5:53;45717384-9;184;603
22-02-2018 17:39;28-02-2018 2:20;34039148-9;207;604
23-02-2020 23:41;07-03-2020 6:44;64269343-3;179;605
29-06-2017 15:56;05-07-2017 16:01;54480341-7;88;606
28-06-2019 22:46;11-07-2019 9:25;45125749-8;138;607
10-03-2012 20:15;14-03-2012 10:04;13592940-9;142;608
05-09-2020 12:13;20-09-2020 0:13;20209505-4;167;609
05-08-2016 18:50;17-08-2016 6:36;72070561-3;197;610
26-01-2016 23:36;30-01-2016 12:35;75328775-2;169;611
22-03-2017 9:12;26-03-2017 21:37;29877385-6;210;612
31-01-2011 20:22;09-02-2011 1:58;36600416-5;62;613
14-02-2017 3:42;21-02-2017 11:15;63382431-2;105;614
07-02-2011 18:55;20-02-2011 8:13;51193594-6;170;615
18-05-2013 8:16;24-05-2013 21:30;59444986-k;77;616
24-08-2014 17:29;05-09-2014 0:20;94384917-k;9;617
18-12-2015 18:24;25-12-2015 7:50;63421928-5;58;618
25-08-2017 3:16;28-08-2017 3:29;35480818-8;8;619
26-08-2011 16:40;31-08-2011 19:45;85384785-2;155;620
28-04-2016 10:18;04-05-2016 1:56;77477421-1;79;621
27-09-2010 21:48;06-10-2010 23:02;86164302-6;16;622
12-01-2012 4:16;20-01-2012 17:35;73026642-1;103;623
04-09-2016 15:05;09-09-2016 20:08;74748755-3;135;624
23-11-2019 4:38;28-11-2019 14:52;93285177-6;112;625
01-08-2013 17:14;04-08-2013 17:23;43926456-k;56;626
26-05-2019 22:50;06-06-2019 4:08;96251410-3;42;627
05-04-2018 10:59;14-04-2018 17:13;20820475-0;163;628
04-04-2020 9:03;18-04-2020 13:28;98683815-5;1;629
19-05-2020 15:31;27-05-2020 22:54;33890329-4;175;630
26-06-2014 14:42;04-07-2014 4:00;26123513-7;124;631
13-11-2019 21:46;26-11-2019 22:15;64063874-5;87;632
31-01-2019 13:45;09-02-2019 14:55;14200344-9;34;633
05-10-2016 10:28;19-10-2016 20:20;91888069-0;33;634
25-07-2016 0:24;02-08-2016 16:26;79758989-6;207;635
10-10-2015 23:17;17-10-2015 5:11;66045545-0;53;636
20-07-2018 5:45;01-08-2018 8:12;11784418-8;103;637
14-11-2019 8:14;23-11-2019 0:10;48176712-1;64;638
24-12-2018 4:58;02-01-2019 9:59;31457093-6;62;639
05-06-2020 19:01;13-06-2020 11:31;38830395-6;200;640
15-06-2017 2:32;27-06-2017 4:33;12673702-5;57;641
17-05-2015 14:46;23-05-2015 22:58;88034198-7;162;642
01-08-2018 7:14;06-08-2018 18:41;12205074-2;109;643
19-09-2014 16:41;01-10-2014 21:02;16836029-0;147;644
01-12-2014 8:53;11-12-2014 17:35;41694611-6;37;645
06-07-2012 1:35;17-07-2012 1:43;86447590-6;198;646
06-11-2015 4:51;10-11-2015 13:14;54004386-8;132;647
08-10-2018 9:47;16-10-2018 16:03;69402733-4;27;648
17-03-2018 12:43;29-03-2018 13:23;83917354-7;124;649
09-07-2018 5:12;22-07-2018 18:38;38629675-8;8;650
07-12-2019 16:40;19-12-2019 2:38;22240154-2;141;651
23-11-2015 21:00;29-11-2015 7:15;86164302-6;16;652
13-05-2010 6:54;21-05-2010 13:11;66899113-0;193;653
23-02-2011 3:02;26-02-2011 14:21;63974341-1;22;654
20-09-2011 0:24;26-09-2011 4:58;45355149-0;196;655
28-06-2018 5:22;07-07-2018 6:24;31111145-0;35;656
26-06-2014 10:06;07-07-2014 21:08;59959821-9;172;657
06-12-2011 12:32;15-12-2011 4:54;79695896-0;149;658
16-08-2019 16:50;22-08-2019 2:30;69251591-9;129;659
08-08-2014 20:23;22-08-2014 5:22;35785969-7;207;660
26-12-2017 0:36;01-01-2018 7:57;63884576-8;189;661
18-07-2018 14:15;25-07-2018 19:43;87544765-3;97;662
29-01-2010 22:52;05-02-2010 5:26;23298314-0;160;663
02-09-2016 6:25;11-09-2016 15:45;34352032-8;8;664
27-11-2014 2:52;09-12-2014 14:50;38317707-3;107;665
04-10-2015 11:25;11-10-2015 12:59;12187269-2;145;666
28-11-2010 1:50;10-12-2010 10:32;33802463-0;210;667
30-11-2018 21:24;06-12-2018 5:07;15623590-3;84;668
18-07-2012 4:30;23-07-2012 12:54;43630930-9;80;669
09-02-2011 1:43;14-02-2011 10:24;81698647-8;71;670
09-11-2017 13:21;24-11-2017 4:06;57639262-1;77;671
25-07-2013 15:35;05-08-2013 23:13;65855526-k;142;672
20-08-2012 17:03;28-08-2012 2:25;71962392-1;181;673
26-11-2013 2:03;09-12-2013 9:25;27626683-7;3;674
14-04-2012 21:06;21-04-2012 23:58;21332506-k;159;675
06-01-2016 11:20;10-01-2016 16:50;71389826-0;163;676
21-03-2019 7:18;04-04-2019 11:36;41183684-3;144;677
24-12-2013 4:43;27-12-2013 10:47;53967694-6;130;678
06-08-2015 19:49;14-08-2015 5:06;22274441-5;45;679
27-12-2015 5:43;10-01-2016 9:44;11123767-0;181;680
28-05-2014 16:12;11-06-2014 20:41;53089483-5;16;681
23-08-2016 16:36;31-08-2016 2:19;71881591-6;52;682
23-05-2011 20:15;30-05-2011 1:42;31706054-8;101;683
30-01-2011 21:28;07-02-2011 8:20;10537138-1;76;684
19-03-2015 4:32;01-04-2015 20:29;52189199-8;144;685
12-02-2013 3:19;20-02-2013 7:35;75295314-7;0;686
20-08-2020 9:17;26-08-2020 11:25;11439340-1;144;687
10-03-2020 9:14;24-03-2020 23:06;71612139-9;150;688
05-09-2011 16:18;12-09-2011 1:09;59260036-6;11;689
04-05-2020 17:20;12-05-2020 5:17;40538537-6;11;690
05-01-2016 22:13;16-01-2016 3:52;89146700-1;101;691
02-04-2012 13:53;16-04-2012 22:59;91461351-5;131;692
07-04-2015 9:18;11-04-2015 20:49;35414863-3;101;693
13-02-2011 21:06;17-02-2011 1:05;48459253-5;108;694
05-01-2017 16:49;16-01-2017 2:10;74357811-2;87;695
05-09-2015 23:39;13-09-2015 4:49;37797879-k;38;696
03-08-2014 1:30;07-08-2014 8:24;11123767-0;181;697
19-11-2018 16:24;28-11-2018 22:48;77484278-0;176;698
30-08-2015 3:43;05-09-2015 15:01;62014673-0;61;699
04-12-2015 16:58;13-12-2015 0:47;16264932-9;3;700
24-02-2017 22:26;05-03-2017 9:11;29903675-8;73;701
27-09-2016 16:28;03-10-2016 22:55;30741496-1;14;702
30-03-2019 1:52;11-04-2019 5:37;11544489-1;182;703
30-07-2017 11:30;11-08-2017 2:40;34012878-8;126;704
24-05-2020 5:47;01-06-2020 16:57;21630671-6;82;705
09-06-2010 6:00;15-06-2010 7:18;95541819-0;6;706
20-05-2018 10:44;31-05-2018 11:56;79758989-6;207;707
03-08-2010 11:34;13-08-2010 21:56;22001298-0;40;708
04-03-2019 8:53;17-03-2019 11:51;43922451-7;26;709
11-10-2013 4:15;21-10-2013 12:41;28231652-8;29;710
11-01-2017 4:42;17-01-2017 19:36;85301240-8;80;711
22-01-2015 2:02;28-01-2015 9:19;52158784-9;184;712
21-02-2018 4:18;24-02-2018 15:33;45026478-4;52;713
25-02-2019 5:21;02-03-2019 14:53;49641463-2;154;714
05-08-2010 23:46;20-08-2010 5:28;50511840-5;146;715
11-09-2017 12:10;17-09-2017 18:05;93009498-6;15;716
18-04-2020 20:34;01-05-2020 5:11;90471139-k;31;717
22-01-2020 13:04;29-01-2020 19:25;75981648-k;45;718
12-08-2013 9:55;21-08-2013 16:39;92170041-5;80;719
03-11-2015 2:32;12-11-2015 5:33;49359132-0;157;720
18-04-2019 15:49;02-05-2019 19:17;44812887-3;126;721
29-07-2015 16:35;05-08-2015 16:53;35776394-0;180;722
08-05-2014 5:39;17-05-2014 16:20;15119459-1;71;723
11-02-2016 1:01;18-02-2016 12:07;91119340-k;139;724
06-02-2013 17:46;11-02-2013 20:37;26849996-2;183;725
05-09-2012 23:24;18-09-2012 6:51;46288331-5;17;726
14-11-2014 22:02;26-11-2014 2:37;34902561-2;195;727
12-10-2013 16:42;22-10-2013 9:03;13965853-1;92;728
13-07-2011 22:37;25-07-2011 14:13;43953571-7;66;729
29-06-2013 16:40;05-07-2013 21:55;41325900-2;111;730
04-02-2013 9:31;16-02-2013 12:50;25399600-5;70;731
17-12-2010 22:42;23-12-2010 2:01;42300579-3;74;732
31-03-2014 18:07;03-04-2014 21:32;91957637-5;136;733
24-11-2015 3:05;02-12-2015 19:17;53747213-8;53;734
26-08-2014 16:27;02-09-2014 0:26;29742884-5;36;735
28-04-2017 21:24;09-05-2017 8:21;38317707-3;107;736
29-12-2011 6:38;05-01-2012 15:44;63974341-1;22;737
03-08-2016 9:53;06-08-2016 10:19;41071374-8;201;738
28-09-2013 17:35;08-10-2013 19:05;54121962-5;60;739
12-12-2016 11:14;18-12-2016 22:14;34572846-5;12;740
12-11-2015 9:54;21-11-2015 18:51;58303600-8;39;741
28-03-2018 10:55;09-04-2018 0:00;82903113-2;150;742
29-03-2013 16:00;05-04-2013 4:47;95711978-6;190;743
24-01-2014 6:36;29-01-2014 19:22;95741388-9;26;744
14-03-2014 8:49;17-03-2014 15:58;57325256-k;134;745
03-09-2016 9:39;16-09-2016 11:17;20026905-5;193;746
20-05-2010 12:24;04-06-2010 1:52;72309503-4;74;747
26-05-2014 15:25;02-06-2014 0:15;48433213-4;147;748
23-10-2016 3:13;06-11-2016 17:48;33802463-0;210;749
30-03-2017 5:28;13-04-2017 11:36;44973013-5;177;750
01-05-2013 6:39;12-05-2013 18:49;76081261-7;57;751
20-01-2018 23:12;26-01-2018 12:55;68505645-3;45;752
30-11-2013 19:45;13-12-2013 1:29;85394005-4;149;753
15-12-2011 3:12;24-12-2011 9:13;43654491-k;150;754
05-02-2013 17:39;10-02-2013 1:46;86434438-0;208;755
10-10-2019 16:51;14-10-2019 7:18;53211068-8;106;756
19-11-2016 2:14;29-11-2016 8:27;23047484-2;153;757
27-12-2013 22:58;09-01-2014 14:47;53721649-2;67;758
19-02-2018 5:42;03-03-2018 13:00;21219682-7;206;759
10-09-2012 15:01;23-09-2012 5:08;91790173-2;178;760
19-06-2011 9:33;01-07-2011 1:44;61774912-2;212;761
29-01-2010 5:59;06-02-2010 15:54;77484278-0;176;762
06-04-2010 7:49;15-04-2010 22:21;45644100-9;111;763
02-05-2013 4:30;11-05-2013 8:23;91790173-2;178;764
02-12-2011 18:57;10-12-2011 9:36;70582800-8;131;765
13-08-2019 14:58;19-08-2019 21:34;83123905-0;156;766
30-09-2017 11:55;08-10-2017 4:23;30928102-0;65;767
15-03-2012 10:26;26-03-2012 12:55;10119008-0;69;768
21-10-2014 0:34;04-11-2014 7:47;79758989-6;207;769
18-05-2010 5:59;23-05-2010 21:54;69691126-6;152;770
07-01-2013 9:45;21-01-2013 2:05;79263691-8;52;771
04-03-2017 1:20;12-03-2017 3:01;59060940-4;154;772
07-07-2011 22:03;10-07-2011 22:20;56229978-5;123;773
30-08-2011 18:12;09-09-2011 1:13;95185947-8;159;774
14-04-2018 6:31;28-04-2018 15:29;81560843-7;196;775
17-02-2010 17:07;22-02-2010 6:20;63824003-3;108;776
11-11-2013 23:18;18-11-2013 1:03;64370666-0;72;777
04-04-2018 15:01;15-04-2018 21:04;25198755-6;112;778
18-03-2017 11:41;22-03-2017 20:24;32992512-9;24;779
08-09-2019 12:19;11-09-2019 22:02;36918308-7;110;780
27-05-2015 12:28;07-06-2015 3:04;10094201-1;117;781
27-06-2016 11:28;03-07-2016 22:01;43831962-k;115;782
20-01-2020 4:42;26-01-2020 12:09;96951878-3;25;783
07-07-2012 2:13;16-07-2012 16:02;96900689-8;55;784
12-08-2011 16:33;16-08-2011 4:17;13370165-6;213;785
25-11-2013 14:57;05-12-2013 4:11;12957899-8;107;786
14-03-2019 17:41;28-03-2019 4:08;90594532-7;47;787
22-03-2017 3:24;05-04-2017 12:18;41704207-5;1;788
25-01-2011 6:21;05-02-2011 14:30;97343582-5;80;789
28-06-2017 9:27;06-07-2017 20:27;11554909-k;48;790
10-07-2020 12:44;21-07-2020 2:08;92394961-5;100;791
09-12-2010 2:06;20-12-2010 8:03;11784418-8;103;792
30-03-2011 9:04;09-04-2011 13:41;15591154-9;142;793
20-07-2011 7:56;23-07-2011 13:08;77520112-6;106;794
11-11-2013 21:37;16-11-2013 4:10;82833215-5;93;795
21-08-2014 2:33;27-08-2014 12:52;97004364-0;199;796
11-06-2016 14:42;16-06-2016 18:49;81498697-7;158;797
19-10-2018 5:32;22-10-2018 9:23;77477421-1;79;798
19-01-2010 20:43;03-02-2010 10:33;12348490-8;172;799
24-01-2011 23:18;02-02-2011 5:16;37285914-8;48;800
19-06-2018 5:14;25-06-2018 20:50;45981588-0;18;801
01-02-2014 23:35;14-02-2014 3:31;50109588-5;203;802
21-07-2012 16:07;27-07-2012 0:31;31256887-k;210;803
15-05-2010 2:41;25-05-2010 11:16;63459997-5;214;804
06-06-2015 23:04;18-06-2015 6:39;96828461-4;20;805
15-09-2010 5:17;24-09-2010 15:33;48269008-4;135;806
28-01-2013 1:53;03-02-2013 11:32;21219682-7;206;807
14-05-2015 21:50;26-05-2015 2:03;36432728-5;57;808
06-11-2016 4:54;20-11-2016 16:21;59959821-9;172;809
22-06-2016 21:58;02-07-2016 6:14;11453035-2;211;810
18-10-2018 16:11;25-10-2018 0:06;77489819-0;212;811
01-08-2015 11:28;13-08-2015 19:08;95667888-9;103;812
14-04-2013 3:46;19-04-2013 8:00;15460166-k;136;813
07-05-2013 19:46;13-05-2013 2:06;50728559-7;192;814
02-02-2011 1:42;15-02-2011 15:08;96863860-2;151;815
19-10-2014 18:40;01-11-2014 8:58;59890575-4;199;816
22-02-2015 22:59;03-03-2015 15:04;79459402-3;13;817
21-06-2012 20:42;04-07-2012 8:28;70388205-6;144;818
30-01-2012 15:11;10-02-2012 22:00;16636734-4;130;819
15-06-2012 5:05;18-06-2012 17:45;50942616-3;19;820
21-05-2017 16:47;03-06-2017 23:40;14408869-7;49;821
31-07-2012 2:21;07-08-2012 6:21;44372095-2;93;822
28-03-2019 6:57;10-04-2019 22:04;17459269-1;166;823
02-01-2010 16:58;17-01-2010 3:55;23748548-3;35;824
05-04-2014 12:19;16-04-2014 1:00;85034590-2;126;825
26-12-2015 3:54;03-01-2016 10:02;96562711-1;120;826
08-06-2015 22:39;23-06-2015 1:10;91346186-k;202;827
21-04-2020 17:54;29-04-2020 23:44;35661237-k;98;828
25-11-2017 9:34;29-11-2017 12:11;73815426-6;214;829
16-05-2012 21:59;31-05-2012 3:13;27183294-k;47;830
29-10-2018 12:30;03-11-2018 15:17;13572944-2;120;831
22-07-2017 14:35;01-08-2017 2:57;44626695-0;51;832
15-05-2014 13:09;24-05-2014 3:19;79348268-k;54;833
08-02-2011 16:17;13-02-2011 19:32;99233768-0;32;834
26-12-2017 11:08;04-01-2018 16:25;91085975-7;192;835
22-04-2017 4:34;05-05-2017 14:46;94362008-3;28;836
03-07-2018 21:43;16-07-2018 9:35;47922722-5;83;837
23-02-2020 6:12;06-03-2020 19:31;28273728-0;190;838
14-01-2013 5:47;20-01-2013 16:59;53383454-k;128;839
31-05-2018 6:13;04-06-2018 18:42;34996262-4;100;840
25-06-2012 10:05;02-07-2012 22:38;36081017-8;157;841
15-07-2020 8:25;24-07-2020 14:54;38628283-8;202;842
18-06-2014 11:05;21-06-2014 13:00;88772168-8;38;843
01-09-2020 0:24;09-09-2020 14:26;53609901-8;5;844
20-01-2011 14:29;26-01-2011 15:13;63382431-2;105;845
20-04-2019 5:34;03-05-2019 20:43;62820832-8;111;846
20-08-2014 18:41;03-09-2014 6:03;51693674-6;155;847
13-12-2010 14:04;18-12-2010 5:12;28060713-4;10;848
23-04-2017 22:21;02-05-2017 4:49;23514054-3;115;849
19-08-2011 3:13;22-08-2011 15:46;25750021-7;32;850
18-10-2014 7:08;24-10-2014 10:27;77020926-9;97;851
21-03-2010 0:38;04-04-2010 4:35;16836029-0;147;852
07-05-2012 14:22;17-05-2012 1:33;22001298-0;40;853
05-02-2017 8:57;12-02-2017 17:09;33090056-3;73;854
01-06-2017 11:47;10-06-2017 20:19;69760987-3;17;855
02-11-2013 19:20;13-11-2013 7:21;66119831-1;208;856
27-12-2011 0:26;09-01-2012 16:57;47981838-k;0;857
28-07-2010 2:07;03-08-2010 5:40;56093204-9;21;858
05-05-2016 20:33;14-05-2016 9:11;92170041-5;80;859
31-10-2010 11:13;04-11-2010 13:49;94888169-1;113;860
14-01-2020 22:17;23-01-2020 3:18;58366562-5;89;861
09-12-2019 12:58;20-12-2019 22:22;13068977-9;33;862
03-12-2017 2:17;15-12-2017 6:14;48766480-4;114;863
16-08-2012 20:35;28-08-2012 3:55;20640357-8;15;864
22-11-2019 0:56;27-11-2019 10:56;77210598-3;40;865
08-06-2010 3:32;20-06-2010 7:36;83386046-1;210;866
23-10-2018 15:32;06-11-2018 8:09;61863167-2;143;867
03-04-2011 11:30;13-04-2011 20:55;72810804-5;176;868
26-04-2014 4:17;30-04-2014 15:43;32992512-9;24;869
07-04-2011 3:07;18-04-2011 10:18;54363208-2;132;870
27-12-2019 5:19;09-01-2020 8:35;91346186-k;202;871
24-02-2010 2:12;01-03-2010 2:49;39038168-9;1;872
28-02-2015 14:19;11-03-2015 6:37;70368495-5;121;873
04-07-2015 21:34;16-07-2015 8:37;33236616-5;182;874
31-07-2013 10:44;09-08-2013 10:51;73324033-4;88;875
09-12-2019 12:58;20-12-2019 22:22;25844754-9;122;876
